basis,residual,k95_p10,k95_p25,k95_p50,k95_p75,k95_p90
dct,A,1.0,1.0,3.0,5.0,9.0
dct,B,23.0,27.0,30.0,33.0,35.0
haar,A,1.0,1.0,3.0,7.0,13.600000000000023
haar,B,25.0,29.0,32.0,34.0,36.0
db4,A,7.0,8.0,8.0,8.0,11.0
db4,B,25.0,28.0,32.0,34.0,36.0
sym4,A,7.0,8.0,8.0,9.0,12.0
sym4,B,24.400000000000006,28.0,32.0,35.0,37.0
fd1,A,1.0,1.0,10.0,28.0,34.60000000000002
fd1,B,27.0,31.0,34.0,36.0,38.0
