seed,measurement_ratio,method,rmse_mean,mae_mean,relative_l2_mean,support_f1_mean,n_test_samples
7,0.1,ae_regression_ub,0.013763749989461452,0.011216078575653975,0.17806960501488756,,385
7,0.1,hybrid_lfista_joint,0.02532479451940912,0.020684151403399385,0.3345886999955456,0.16542088837496774,385
7,0.1,ml_only,0.01713549113063941,0.013752540513623205,0.22875679533845683,,385
7,0.1,mlp_concat_ub,0.08494697730726535,0.06879805716224707,1.1261582962659682,,385
7,0.1,pca_regression_ub,0.09267857107440515,0.07599186240496063,1.3022408209291265,,385
7,0.2,ae_regression_ub,0.013380502551316292,0.010871586750088418,0.17448209480656102,,385
7,0.2,hybrid_lfista_joint,0.02217785355793573,0.017496745854548173,0.28970057547174394,0.3126262828219733,385
7,0.2,ml_only,0.01713549113063941,0.013752540513623205,0.22875679533845683,,385
7,0.2,mlp_concat_ub,0.08631706420863218,0.07021061691310826,1.1639349003712827,,385
7,0.2,pca_regression_ub,0.08341766865665819,0.06750071135848608,1.115743100368183,,385
