seed,measurement_ratio,method,rmse_mean,mae_mean,relative_l2_mean,support_f1_mean,n_test_samples
7,0.3,cs_only,0.6018913053801863,0.481159441145769,0.855151479663401,0.09109432252169697,100
7,0.3,hybrid,0.38467571148287405,0.3070284534169563,0.5463136588182319,0.09462926963708092,100
7,0.3,ml_only,0.4416907667682915,0.3494597703796397,0.6274936297796571,,100
7,0.3,weighted_hybrid,0.39121911308601937,0.3124968334293488,0.5555784452536837,0.09365332254979299,100
7,0.5,cs_only,0.522973604700688,0.4180422086620654,0.7431946578571806,0.09105792968699035,100
7,0.5,hybrid,0.3303465228056651,0.2639908755515288,0.4692031231522066,0.09416258010313225,100
7,0.5,ml_only,0.4416907667682915,0.3494597703796397,0.6274936297796571,,100
7,0.5,weighted_hybrid,0.34318406689825887,0.2752088336200723,0.4877058212884111,0.09349634093209197,100
