seed,measurement_ratio,method,rmse_mean,mae_mean,relative_l2_mean,support_f1_mean,n_test_samples
7,0.3,cs_only,0.6018913057468357,0.4811594412343483,0.8551514801795961,0.09109432252169697,100
7,0.3,hybrid,0.3846757109706097,0.3070284544154713,0.5463136577497725,0.09462926963708092,100
7,0.3,ml_only,0.4416907667682915,0.34945977037963977,0.6274936297796571,,100
7,0.3,weighted_hybrid,0.3912191127804225,0.31249683415265067,0.5555784447965982,0.09365332254979299,100
7,0.5,cs_only,0.522973604743555,0.41804220868767444,0.743194657914836,0.09105792968699035,100
7,0.5,hybrid,0.33034652270415743,0.26399087550176664,0.4692031229762283,0.09416258010313225,100
7,0.5,ml_only,0.4416907667682915,0.34945977037963977,0.6274936297796571,,100
7,0.5,weighted_hybrid,0.34318406693341674,0.27520883364716936,0.48770582132899143,0.09349634093209197,100
