measurement_ratio,method,rmse_mean,rmse_std_across_seeds,rmse_sem,mae_mean,mae_std_across_seeds,relative_l2_mean,relative_l2_std_across_seeds,support_f1_mean,support_f1_std_across_seeds,n_seeds,n_test_samples_per_run,rmse_ci95_half
0.3,cs_only,0.6018913053801863,0.0,0.0,0.481159441145769,0.0,0.855151479663401,0.0,0.09109432252169697,0.0,1,100,0.0
0.3,hybrid,0.38467571148287405,0.0,0.0,0.3070284534169563,0.0,0.5463136588182319,0.0,0.09462926963708092,0.0,1,100,0.0
0.3,ml_only,0.4416907667682915,0.0,0.0,0.3494597703796397,0.0,0.6274936297796571,0.0,,0.0,1,100,0.0
0.3,weighted_hybrid,0.39121911308601937,0.0,0.0,0.3124968334293488,0.0,0.5555784452536837,0.0,0.09365332254979299,0.0,1,100,0.0
0.5,cs_only,0.522973604700688,0.0,0.0,0.4180422086620654,0.0,0.7431946578571806,0.0,0.09105792968699035,0.0,1,100,0.0
0.5,hybrid,0.3303465228056651,0.0,0.0,0.2639908755515288,0.0,0.4692031231522066,0.0,0.09416258010313225,0.0,1,100,0.0
0.5,ml_only,0.4416907667682915,0.0,0.0,0.3494597703796397,0.0,0.6274936297796571,0.0,,0.0,1,100,0.0
0.5,weighted_hybrid,0.34318406689825887,0.0,0.0,0.2752088336200723,0.0,0.4877058212884111,0.0,0.09349634093209197,0.0,1,100,0.0
