measurement_ratio,method,rmse_mean,rmse_std_across_seeds,rmse_sem,mae_mean,mae_std_across_seeds,relative_l2_mean,relative_l2_std_across_seeds,support_f1_mean,support_f1_std_across_seeds,n_seeds,n_test_samples_per_run,rmse_ci95_half
0.3,cs_only,0.6018913053859544,0.0,0.0,0.48115944114718606,0.0,0.8551514796715215,0.0,0.09109432252169697,0.0,1,100,0.0
0.3,hybrid,0.3846757114749466,0.0,0.0,0.30702845343277446,0.0,0.5463136588015989,0.0,0.09462926963708092,0.0,1,100,0.0
0.3,ml_only,0.4416907667682915,0.0,0.0,0.34945977037963977,0.0,0.6274936297796571,0.0,,0.0,1,100,0.0
0.3,weighted_hybrid,0.3912191130563785,0.0,0.0,0.31249683339935336,0.0,0.5555784452039645,0.0,0.09365332254979299,0.0,1,100,0.0
0.5,cs_only,0.5229736046941076,0.0,0.0,0.4180422086581348,0.0,0.7431946578483303,0.0,0.09105792968699035,0.0,1,100,0.0
0.5,hybrid,0.3303465228212606,0.0,0.0,0.2639908755591755,0.0,0.46920312317924234,0.0,0.09416258010313225,0.0,1,100,0.0
0.5,ml_only,0.4416907667682915,0.0,0.0,0.34945977037963977,0.0,0.6274936297796571,0.0,,0.0,1,100,0.0
0.5,weighted_hybrid,0.34318406689285985,0.0,0.0,0.2752088336159098,0.0,0.48770582128217954,0.0,0.09349634093209197,0.0,1,100,0.0
